date,time,amount,type,category,merchant
2026-06-01,15:30,-184.0,expense,Продукты,Продуктовый магазин
2026-06-01,16:22,-79.9,expense,Продукты,Универсам
2026-06-01,16:23,-324.0,expense,Мелкие точки (ИП),ИП (название скрыто)
2026-06-01,16:54,52.0,internal,Переводы между своими счетами,Свой счёт
2026-06-01,17:01,52.0,internal,Переводы между своими счетами,Свой счёт
2026-06-01,17:02,52.0,internal,Переводы между своими счетами,Свой счёт
2026-06-01,17:09,-4760.0,expense,Покупки,Авито
2026-06-01,19:00,52.0,internal,Переводы между своими счетами,Свой счёт
2026-06-01,20:32,104.0,internal,Переводы между своими счетами,Свой счёт
2026-06-01,23:56,2000.0,internal,Переводы между своими счетами,Свой счёт
2026-06-02,00:03,-500.0,internal,Переводы между своими счетами,Свой счёт
2026-06-02,01:23,300.0,other_income,Поступления от людей,Перевод от физлица
2026-06-02,14:04,1300.0,internal,Переводы между своими счетами,Свой счёт
2026-06-02,14:29,55.0,internal,Переводы между своими счетами,Свой счёт
2026-06-02,14:51,-44.0,expense,Самокаты,Самокаты (Яндекс / Whoosh)
2026-06-02,14:54,-114.99,expense,Продукты,Магнит
2026-06-02,16:11,-40.0,expense,Самокаты,Самокаты (Яндекс / Whoosh)
2026-06-02,16:11,-49.0,expense,Самокаты,Самокаты (Яндекс / Whoosh)
2026-06-02,16:13,-674.0,expense,Кафе и рестораны,SHLEND MA
2026-06-02,17:41,-1604.76,expense,Алкоголь и табак,Красное&Белое
2026-06-03,00:51,100.0,other_income,Поступления от людей,Перевод от физлица
2026-06-03,11:29,700.0,other_income,Поступления от людей,Перевод от физлица
2026-06-03,11:42,-621.0,internal,Переводы между своими счетами,Свой счёт
2026-06-03,12:19,-534.77,expense,Продукты,Дикси
2026-06-03,12:47,-200.0,expense,Переводы людям,Перевод физлицу
2026-06-03,20:27,470.0,internal,Переводы между своими счетами,Свой счёт
2026-06-03,21:37,-395.0,expense,Переводы людям,Перевод физлицу
2026-06-03,21:45,-270.0,expense,Кафе и рестораны,Шаурма
2026-06-03,22:25,100.0,other_income,Поступления от людей,Перевод от физлица
2026-06-03,22:37,-89.99,expense,Продукты,Дикси
2026-06-03,23:30,52.0,other_income,Поступления от людей,Перевод от физлица
2026-06-04,11:42,-89.99,expense,Продукты,Дикси
2026-06-04,15:18,8000.0,internal,Переводы между своими счетами,Свой счёт
2026-06-04,15:24,-434.97,expense,Продукты,Продуктовый магазин
2026-06-04,17:36,-3991.0,expense,Покупки,Авито
2026-06-04,17:48,-850.0,internal,Переводы между своими счетами,Свой счёт
2026-06-04,18:11,-532.0,expense,Продукты,Продуктовый магазин
2026-06-04,18:48,52.0,internal,Переводы между своими счетами,Свой счёт
2026-06-05,00:02,3000.0,internal,Переводы между своими счетами,Свой счёт
2026-06-05,01:50,2000.0,internal,Переводы между своими счетами,Свой счёт
2026-06-05,09:56,-149.0,expense,Кафе и рестораны,LYUDI LYUBYAT
2026-06-05,09:58,-119.9,expense,Продукты,Дикси
2026-06-05,12:48,-1024.91,expense,Продукты,Лента
2026-06-05,13:15,-300.0,internal,Переводы между своими счетами,Свой счёт
2026-06-05,13:21,400.0,other_income,Поступления от людей,Перевод от физлица
2026-06-05,20:25,-3995.36,expense,Продукты,Пятёрочка
2026-06-06,12:13,-234.0,expense,Продукты,Пятёрочка
2026-06-06,14:35,700.0,internal,Переводы между своими счетами,Свой счёт
2026-06-06,17:00,3991.0,other_income,Поступления от людей,Перевод от физлица
2026-06-06,17:16,-5000.0,internal,Переводы между своими счетами,Свой счёт
2026-06-06,18:04,-49.99,expense,Продукты,Дикси
2026-06-06,19:06,500.0,internal,Переводы между своими счетами,Свой счёт
2026-06-06,19:17,500.0,internal,Переводы между своими счетами,Свой счёт
2026-06-06,19:26,-249.98,expense,Продукты,Продуктовый магазин
2026-06-06,19:58,1300.0,internal,Переводы между своими счетами,Свой счёт
2026-06-06,20:46,500.0,other_income,Поступления от людей,Перевод от физлица
2026-06-06,21:02,1200.0,internal,Переводы между своими счетами,Свой счёт
2026-06-06,22:30,-3750.0,expense,Кафе и рестораны,CHE CAFE
2026-06-06,23:30,500.0,internal,Переводы между своими счетами,Свой счёт
2026-06-07,14:13,1300.0,internal,Переводы между своими счетами,Свой счёт
2026-06-07,14:53,-359.0,expense,Покупки,ULYBKA RADUGI
2026-06-07,15:04,-1164.45,expense,Продукты,Дикси
2026-06-07,16:49,500.0,internal,Переводы между своими счетами,Свой счёт
2026-06-07,16:54,3000.0,other_income,Поступления от людей,Перевод от физлица
2026-06-07,16:55,-4589.0,expense,Покупки,Авито
2026-06-07,20:08,-200.0,internal,Переводы между своими счетами,Свой счёт
2026-06-07,21:28,5000.0,internal,Переводы между своими счетами,Свой счёт
2026-06-07,21:30,-1200.0,expense,Кафе и рестораны,TOKINO
2026-06-07,21:55,-139.8,expense,Продукты,ТД Реал
2026-06-07,22:03,-450.0,expense,Переводы людям,Перевод физлицу
2026-06-08,13:57,-2000.0,expense,Наличные,Снятие наличных
2026-06-08,14:38,-84.99,expense,Продукты,Магнит
2026-06-08,15:49,-219.0,expense,Алкоголь и табак,Красное&Белое
2026-06-08,17:45,-118.0,expense,Кафе и рестораны,Вкусно — и точка
2026-06-08,21:06,-149.0,expense,Покупки,ULYBKA RADUGI
2026-06-08,22:11,-317.0,expense,Подписки и связь,Мобильная связь
2026-06-08,22:51,-350.0,expense,Мелкие точки (ИП),ИП (название скрыто)
2026-06-09,09:47,2000.0,internal,Переводы между своими счетами,Свой счёт
2026-06-09,10:47,-1913.0,expense,Покупки,Долями (рассрочка)
2026-06-09,14:38,-149.0,expense,Самокаты,Самокаты (Яндекс / Whoosh)
2026-06-09,16:01,600.0,internal,Переводы между своими счетами,Свой счёт
2026-06-09,16:42,-999.0,expense,Покупки,M-N BEFREE GALEREYA
2026-06-10,14:44,3000.0,internal,Переводы между своими счетами,Свой счёт
2026-06-10,14:45,-1001.0,expense,Продукты,Яндекс Лавка
2026-06-10,16:41,-64.69,expense,Алкоголь и табак,Красное&Белое
2026-06-10,16:46,-99.99,expense,Продукты,Дикси
2026-06-10,18:14,-144.98,expense,Продукты,Дикси
2026-06-10,18:15,-234.0,expense,Продукты,Дикси
2026-06-10,18:37,-198.0,expense,Кафе и рестораны,CEKH EFIMOVA
2026-06-10,18:55,-950.0,expense,Кафе и рестораны,Horoshiy Tigr Coffee
2026-06-10,21:00,-251.58,expense,Алкоголь и табак,Красное&Белое
2026-06-11,06:21,1500.0,other_income,Поступления от людей,Перевод от физлица
2026-06-11,09:45,3000.0,internal,Переводы между своими счетами,Свой счёт
2026-06-11,12:33,-1329.0,expense,Покупки,Долями (рассрочка)
2026-06-11,13:50,-1500.0,internal,Переводы между своими счетами,Свой счёт
2026-06-11,21:49,-607.2,expense,Продукты,ТД Реал
2026-06-11,22:10,64000.0,internal,Переводы между своими счетами,Свой счёт
2026-06-11,22:11,-64000.0,internal,Переводы между своими счетами,Свой счёт
2026-06-12,09:26,2000.0,internal,Переводы между своими счетами,Свой счёт
2026-06-12,12:31,-299.0,expense,Подписки и связь,Т-Банк подписки
2026-06-12,13:13,-1510.0,expense,Продукты,Яндекс Лавка
2026-06-12,19:57,7000.0,internal,Переводы между своими счетами,Свой счёт
2026-06-12,20:39,2000.0,other_income,Поступления от людей,Перевод от физлица
2026-06-12,21:17,-3230.0,internal,Переводы между своими счетами,Свой счёт
2026-06-12,21:19,-1500.0,internal,Переводы между своими счетами,Свой счёт
2026-06-12,21:31,-3397.56,expense,Алкоголь и табак,Красное&Белое
2026-06-12,21:33,-153.07,expense,Алкоголь и табак,Красное&Белое
2026-06-12,22:51,-2000.0,internal,Переводы между своими счетами,Свой счёт
2026-06-13,00:19,1400.0,internal,Переводы между своими счетами,Свой счёт
2026-06-13,00:20,-1400.0,expense,Кафе и рестораны,Бар Юнион
2026-06-13,01:35,4000.0,internal,Переводы между своими счетами,Свой счёт
2026-06-13,01:36,-2800.0,expense,Кафе и рестораны,Бар Юнион
2026-06-13,02:17,-520.0,expense,Кафе и рестораны,Бар Юнион
2026-06-13,02:18,-450.0,expense,Кафе и рестораны,Бар Юнион
2026-06-13,03:26,2008.0,internal,Переводы между своими счетами,Свой счёт
2026-06-13,03:27,1000.0,internal,Переводы между своими счетами,Свой счёт
2026-06-13,03:28,2000.0,internal,Переводы между своими счетами,Свой счёт
2026-06-13,03:30,-2850.0,expense,Кафе и рестораны,Бар Юнион
2026-06-13,07:23,-668.0,expense,Такси,Яндекс Go
2026-06-13,15:10,-1700.0,internal,Переводы между своими счетами,Свой счёт
2026-06-13,16:23,425.0,internal,Переводы между своими счетами,Свой счёт
2026-06-13,16:23,425.0,other_income,Поступления от людей,Перевод от физлица
2026-06-13,16:25,425.0,other_income,Поступления от людей,Перевод от физлица
2026-06-13,16:42,-260.0,internal,Переводы между своими счетами,Свой счёт
2026-06-13,20:37,-1000.0,internal,Переводы между своими счетами,Свой счёт
2026-06-13,22:10,200.0,internal,Переводы между своими счетами,Свой счёт
2026-06-13,22:12,100.0,internal,Переводы между своими счетами,Свой счёт
2026-06-13,22:14,-318.9,expense,Продукты,ТД Реал
2026-06-13,22:52,15000.0,internal,Переводы между своими счетами,Свой счёт
2026-06-13,22:53,-14608.0,internal,Переводы между своими счетами,Свой счёт
2026-06-14,14:30,200.0,internal,Переводы между своими счетами,Свой счёт
2026-06-14,14:31,-609.0,expense,Продукты,Яндекс Лавка
2026-06-14,14:57,425.0,other_income,Поступления от людей,Перевод от физлица
2026-06-14,17:05,-164.98,expense,Продукты,Перекрёсток
2026-06-14,17:30,2000.0,other_income,Поступления от людей,Перевод от физлица
2026-06-14,20:11,-1460.0,expense,Кафе и рестораны,ASTER
2026-06-14,22:14,-189.98,expense,Продукты,Магнит
2026-06-14,22:36,-52.0,expense,Самокаты,Самокаты (Яндекс / Whoosh)
2026-06-15,01:05,-201.78,internal,Переводы между своими счетами,Свой счёт
2026-06-15,13:33,-120.0,expense,Продукты,Продуктовый магазин
2026-06-15,13:50,6000.0,internal,Переводы между своими счетами,Свой счёт
2026-06-15,13:50,-88.0,expense,Общественный транспорт,Общественный транспорт
2026-06-15,14:52,-5392.16,expense,Учёба,Университет ИТМО
2026-06-15,14:53,-660.0,expense,Подписки и связь,Мобильная связь
2026-06-15,17:40,500.0,other_income,Поступления от людей,Перевод от физлица
2026-06-15,18:25,-390.0,expense,Кафе и рестораны,MAKSHAVA
2026-06-15,18:27,-139.9,expense,Продукты,Универсам
2026-06-15,20:49,300.0,other_income,Поступления от людей,Перевод от физлица
2026-06-15,21:07,-395.0,expense,Переводы людям,Перевод физлицу
2026-06-16,00:40,150.0,internal,Переводы между своими счетами,Свой счёт
2026-06-16,00:41,500.0,internal,Переводы между своими счетами,Свой счёт
2026-06-16,00:49,-234.0,expense,Продукты,ТД Реал
2026-06-16,00:49,-382.7,expense,Продукты,ТД Реал
2026-06-16,16:00,-88.0,expense,Общественный транспорт,Общественный транспорт
2026-06-16,16:48,-500.0,internal,Переводы между своими счетами,Свой счёт
2026-06-16,16:48,2000.0,other_income,Поступления от людей,Перевод от физлица
2026-06-16,17:14,-1337.03,expense,Продукты,Магнит
2026-06-16,17:25,-141.71,expense,Продукты,Дикси
2026-06-17,12:10,2000.0,internal,Переводы между своими счетами,Свой счёт
2026-06-17,12:35,-384.0,expense,Мелкие точки (ИП),ИП (название скрыто)
2026-06-17,17:01,-79.99,expense,Продукты,Пятёрочка
2026-06-17,23:04,-1000.0,internal,Переводы между своими счетами,Свой счёт
2026-06-18,08:43,1000.0,other_income,Поступления от людей,Перевод от физлица
2026-06-18,08:50,-226.0,expense,Продукты,Продуктовый магазин
2026-06-18,09:37,-22.0,expense,Самокаты,Самокаты (Яндекс / Whoosh)
2026-06-18,12:07,-289.0,expense,Мелкие точки (ИП),ИП (название скрыто)
2026-06-18,14:48,-18.0,expense,Самокаты,Самокаты (Яндекс / Whoosh)
2026-06-18,14:59,-400.0,internal,Переводы между своими счетами,Свой счёт
2026-06-18,15:00,-433.98,expense,Алкоголь и табак,Винлаб
2026-06-18,17:02,-360.0,expense,Госуслуги и документы,GCUPSBP
2026-06-18,17:02,2000.0,internal,Переводы между своими счетами,Свой счёт
2026-06-18,17:04,360.0,other_income,Поступления от людей,Перевод от физлица
2026-06-18,21:49,-229.7,expense,Продукты,ТД Реал
2026-06-18,21:55,-200.0,expense,Переводы людям,Перевод физлицу
2026-06-18,22:33,-199.0,expense,Подписки и связь,VK Музыка
2026-06-18,23:15,-1000.0,expense,Переводы людям,Перевод физлицу
2026-06-19,04:03,-99.0,expense,Подписки и связь,Т-Банк подписки
2026-06-19,14:18,3000.0,internal,Переводы между своими счетами,Свой счёт
2026-06-19,17:52,-490.0,expense,Переводы людям,Перевод физлицу
2026-06-19,17:53,-10.0,expense,Переводы людям,Перевод физлицу
2026-06-19,20:35,-644.0,expense,Кафе и рестораны,BI-BI
2026-06-19,20:41,-922.0,expense,Кафе и рестораны,BI-BI
2026-06-19,20:50,-329.98,expense,Продукты,Пятёрочка
2026-06-19,23:32,1000.0,internal,Переводы между своими счетами,Свой счёт
2026-06-20,00:22,-1489.9,expense,Продукты,Универсам
2026-06-20,00:48,-400.0,expense,Кафе и рестораны,Шаурма
2026-06-20,04:50,-101.0,expense,Самокаты,Самокаты (Яндекс / Whoosh)
2026-06-20,05:22,-265.0,expense,Самокаты,Самокаты (Яндекс / Whoosh)
2026-06-20,05:22,300.0,internal,Переводы между своими счетами,Свой счёт
2026-06-20,15:50,2000.0,internal,Переводы между своими счетами,Свой счёт
2026-06-20,15:57,-300.0,internal,Переводы между своими счетами,Свой счёт
2026-06-20,15:58,-81.0,expense,Самокаты,Самокаты (Яндекс / Whoosh)
2026-06-20,17:23,-278.99,expense,Алкоголь и табак,Красное&Белое
2026-06-20,19:25,-105.0,expense,Продукты,Универсам
2026-06-20,22:28,40.5,refund,Кэшбэк и бонусы,Т-Банк
2026-06-20,22:30,713.0,refund,Кэшбэк и бонусы,Т-Банк
2026-06-21,02:08,-1000.0,internal,Переводы между своими счетами,Свой счёт
2026-06-21,02:20,-1000.0,expense,Переводы людям,Перевод физлицу
2026-06-21,09:49,1000.0,internal,Переводы между своими счетами,Свой счёт
2026-06-21,09:56,-983.39,expense,Продукты,Магнит
2026-06-21,14:01,2500.0,internal,Переводы между своими счетами,Свой счёт
2026-06-21,14:04,1000.0,other_income,Поступления от людей,Перевод от физлица
2026-06-21,14:07,-3311.0,expense,Покупки,Avtozapchasti
2026-06-21,17:59,-200.0,expense,Переводы людям,Перевод физлицу
2026-06-22,00:14,1000.0,internal,Переводы между своими счетами,Свой счёт
2026-06-22,00:17,-697.4,expense,Продукты,ТД Реал
2026-06-22,11:04,-79.99,expense,Продукты,Пятёрочка
2026-06-22,11:05,-32.0,expense,Самокаты,Самокаты (Яндекс / Whoosh)
2026-06-22,12:03,100.0,internal,Переводы между своими счетами,Свой счёт
2026-06-22,12:07,-289.0,expense,Мелкие точки (ИП),ИП (название скрыто)
2026-06-22,12:19,2000.0,internal,Переводы между своими счетами,Свой счёт
2026-06-22,12:26,-499.0,expense,Подписки и связь,planetconfig
2026-06-22,16:23,-55.0,expense,Самокаты,Самокаты (Яндекс / Whoosh)
2026-06-22,16:27,-500.0,expense,Наличные,Снятие наличных
2026-06-22,16:28,-99.99,expense,Продукты,Пятёрочка
2026-06-22,19:43,-289.98,expense,Продукты,Продуктовый магазин
2026-06-22,23:48,-232.0,expense,Продукты,Продуктовый магазин
2026-06-23,09:35,-101.0,expense,Продукты,Продуктовый магазин
2026-06-23,09:43,-95.0,expense,Общественный транспорт,Общественный транспорт
2026-06-23,15:31,6000.0,internal,Переводы между своими счетами,Свой счёт
2026-06-23,16:28,-1751.72,expense,Продукты,Дикси
2026-06-23,16:31,-293.38,expense,Продукты,Дикси
2026-06-23,16:37,-92.74,expense,Продукты,Дикси
2026-06-23,16:54,-1314.0,expense,Переводы людям,Перевод физлицу
2026-06-23,17:32,330.0,internal,Переводы между своими счетами,Свой счёт
2026-06-23,18:57,-222.82,internal,Переводы между своими счетами,Свой счёт
2026-06-23,20:32,-2800.0,expense,Переводы людям,Перевод физлицу
2026-06-24,10:55,2000.0,internal,Переводы между своими счетами,Свой счёт
2026-06-24,10:57,-1000.0,internal,Переводы между своими счетами,Свой счёт
2026-06-24,11:20,-95.0,expense,Общественный транспорт,Общественный транспорт
2026-06-24,12:16,-289.0,expense,Мелкие точки (ИП),ИП (название скрыто)
2026-06-24,12:17,-236.0,internal,Переводы между своими счетами,Свой счёт
2026-06-24,15:16,-95.0,expense,Общественный транспорт,Общественный транспорт
2026-06-24,16:14,-95.0,expense,Общественный транспорт,Общественный транспорт
2026-06-24,16:31,-150.0,expense,Покупки,AVTOZAPCHASTI
2026-06-24,18:31,300.0,other_income,Поступления от людей,Перевод от физлица
2026-06-24,22:32,562.0,other_income,Поступления от людей,Перевод от физлица
2026-06-24,22:33,-562.5,expense,Госуслуги и документы,GOSUSLUGI
2026-06-25,04:22,-70.0,expense,Переводы людям,Перевод физлицу
2026-06-25,10:00,-95.0,expense,Общественный транспорт,Общественный транспорт
2026-06-25,11:41,250.0,other_income,Поступления от людей,Перевод от физлица
2026-06-25,12:13,-289.0,expense,Мелкие точки (ИП),ИП (название скрыто)
2026-06-25,14:45,-95.0,expense,Общественный транспорт,Общественный транспорт
2026-06-25,20:07,1000.0,internal,Переводы между своими счетами,Свой счёт
2026-06-25,20:41,-64.89,expense,Алкоголь и табак,Красное&Белое
2026-06-25,23:41,-458.8,expense,Продукты,ТД Реал
2026-06-26,10:33,-88.0,expense,Общественный транспорт,Общественный транспорт
2026-06-26,10:41,-95.0,expense,Общественный транспорт,Общественный транспорт
2026-06-26,12:06,-289.0,expense,Мелкие точки (ИП),ИП (название скрыто)
2026-06-26,14:16,1000.0,internal,Переводы между своими счетами,Свой счёт
2026-06-26,14:17,-149.68,expense,Алкоголь и табак,Красное&Белое
2026-06-26,14:22,-95.0,expense,Общественный транспорт,Общественный транспорт
2026-06-26,14:27,-155.0,expense,Общественный транспорт,Общественный транспорт
2026-06-26,20:46,2000.0,internal,Переводы между своими счетами,Свой счёт
2026-06-26,20:50,-1049.99,expense,Продукты,Продуктовый магазин
2026-06-26,20:55,-213.47,expense,Продукты,Дикси
2026-06-26,21:00,-169.9,expense,Продукты,ТД Реал
2026-06-26,21:40,135.0,internal,Переводы между своими счетами,Свой счёт
2026-06-26,21:41,-1329.0,expense,Покупки,Долями (рассрочка)
2026-06-27,13:56,1800.0,other_income,Поступления от людей,Перевод от физлица
2026-06-27,14:01,-134.77,internal,Переводы между своими счетами,Свой счёт
2026-06-27,14:42,-1.0,expense,Прочие сервисы,Yandex*7299*zabota
2026-06-27,15:35,-130.0,expense,Общественный транспорт,Общественный транспорт
2026-06-27,21:02,-950.0,expense,Мелкие точки (ИП),ИП (название скрыто)
2026-06-28,01:04,-279.8,expense,Продукты,ТД Реал
2026-06-28,07:31,5000.0,other_income,Поступления от людей,Перевод от физлица
2026-06-28,07:53,10000.0,internal,Переводы между своими счетами,Свой счёт
2026-06-28,12:55,5000.0,other_income,Поступления от людей,Перевод от физлица
2026-06-28,14:31,3000.0,other_income,Поступления от людей,Перевод от физлица
2026-06-28,15:01,-278.0,expense,Продукты,Продуктовый магазин
2026-06-28,15:58,-3204.5,expense,Кафе и рестораны,LAUNDZH-BAR BALKON
2026-06-28,16:13,-577.0,expense,Продукты,Продуктовый магазин
2026-06-28,16:17,-119.98,expense,Продукты,Дикси
2026-06-28,18:39,-1950.0,expense,Развлечения,MIRAZH PROKAT
2026-06-28,19:19,-130.0,expense,Общественный транспорт,Общественный транспорт
2026-06-28,19:43,-809.92,expense,Продукты,Продуктовый магазин
2026-06-28,20:10,-450.0,expense,Кафе и рестораны,Вкусно — и точка
2026-06-28,20:27,-650.0,expense,Развлечения,MIRAZH PROKAT
2026-06-28,20:36,-444.0,expense,Кафе и рестораны,Вкусно — и точка
2026-06-28,20:42,1000.0,other_income,Поступления от людей,Перевод от физлица
2026-06-28,22:27,-475.0,expense,Развлечения,MIRAZH SINEMA
2026-06-29,13:06,-1813.1,expense,Путешествия,Билеты (авиа / ЖД)
2026-06-29,13:29,-469.6,expense,Продукты,ТД Реал
2026-06-29,13:42,-399.0,expense,Подписки и связь,Яндекс Плюс
2026-06-29,15:10,-230.0,expense,Самокаты,Самокаты (Яндекс / Whoosh)
2026-06-29,15:12,-62.0,expense,Самокаты,Самокаты (Яндекс / Whoosh)
2026-06-29,15:19,-85.0,expense,Продукты,Продуктовый магазин
2026-06-29,17:06,-362.9,expense,Продукты,ТД Реал
2026-06-30,01:53,-85.0,expense,Мелкие точки (ИП),ИП (название скрыто)
2026-06-30,01:55,-240.0,expense,Кафе и рестораны,Шаурма
2026-06-30,14:39,-1499.0,expense,Покупки,Авито
2026-06-30,15:22,-138.89,expense,Алкоголь и табак,Красное&Белое
2026-06-30,15:29,-457.0,expense,Продукты,Продуктовый магазин
2026-06-30,15:52,-88.0,expense,Общественный транспорт,Общественный транспорт
2026-06-30,16:24,-88.0,expense,Общественный транспорт,Общественный транспорт
2026-06-30,16:44,-6500.0,expense,Переводы людям,Перевод физлицу
2026-06-30,18:19,-504.34,expense,Алкоголь и табак,Красное&Белое
2026-06-30,19:51,-358.0,expense,Такси,Яндекс Go
2026-06-30,19:54,-129.0,expense,Здоровье,Аптека
2026-06-30,23:06,-300.0,expense,Такси,Яндекс Go
2026-06-30,23:39,-113.0,expense,Самокаты,Самокаты (Яндекс / Whoosh)
2026-07-01,00:03,-200.0,expense,Продукты,VKUSNYJ KHLEB
2026-07-01,00:11,-260.0,expense,Мелкие точки (ИП),ИП (название скрыто)
2026-07-01,05:35,-347.0,expense,Кафе и рестораны,"OOO ""AVANTA""QR"
2026-07-01,05:45,-200.0,expense,Мелкие точки (ИП),ИП (название скрыто)
2026-07-01,05:55,-229.0,expense,Кафе и рестораны,WAFFELCOFF
2026-07-01,11:44,5000.0,other_income,Поступления от людей,Перевод от физлица
2026-07-01,12:31,-83.0,expense,Общественный транспорт,Общественный транспорт
2026-07-01,12:37,-628.0,expense,Такси,Яндекс Go
2026-07-01,13:37,-234.0,expense,Продукты,Пятёрочка
2026-07-01,16:50,1800.0,other_income,Поступления от людей,Перевод от физлица
2026-07-01,16:55,-500.0,internal,Переводы между своими счетами,Свой счёт
2026-07-01,17:44,-663.92,expense,Продукты,Перекрёсток
2026-07-01,17:46,-129.0,expense,Продукты,Перекрёсток
2026-07-01,20:42,-214.98,expense,Продукты,Продуктовый магазин
2026-07-01,23:20,-900.0,expense,Переводы людям,Перевод физлицу
2026-07-01,23:21,-100.0,expense,Переводы людям,Перевод физлицу
2026-07-02,08:21,-215.0,expense,Самокаты,Самокаты (Яндекс / Whoosh)
2026-07-02,08:43,-76.99,expense,Продукты,Пятёрочка
2026-07-02,08:48,-350.0,internal,Переводы между своими счетами,Свой счёт
2026-07-02,09:11,-101.98,expense,Продукты,Пятёрочка
2026-07-02,09:13,5000.0,internal,Переводы между своими счетами,Свой счёт
2026-07-02,13:25,-85.0,expense,Продукты,Продуктовый магазин
2026-07-02,13:26,-61.0,expense,Общественный транспорт,Общественный транспорт
2026-07-02,14:34,-83.0,expense,Общественный транспорт,Общественный транспорт
2026-07-02,14:47,-215.0,expense,Самокаты,Самокаты (Яндекс / Whoosh)
2026-07-02,16:32,-83.0,expense,Общественный транспорт,Общественный транспорт
2026-07-02,17:29,-270.0,expense,Кафе и рестораны,SWEE SHAKS.1
2026-07-02,18:36,-1550.0,expense,Покупки,DNS TC ELOKHOVSKIJ PAS
2026-07-02,19:08,-311.0,expense,Продукты,Продуктовый магазин
2026-07-02,22:44,-118.0,expense,Общественный транспорт,Общественный транспорт
2026-07-03,08:23,-416.98,expense,Продукты,Продуктовый магазин
2026-07-03,19:48,-2212.0,expense,Переводы людям,Перевод физлицу
2026-07-03,19:50,-10.0,expense,Самокаты,Самокаты (Яндекс / Whoosh)
2026-07-03,22:00,-83.0,expense,Общественный транспорт,Общественный транспорт
2026-07-03,23:38,-700.0,expense,Кафе и рестораны,OOO PEKOTBMF
2026-07-04,00:36,-998.0,expense,Такси,Яндекс Go
2026-07-04,02:16,-200.0,expense,Прочие сервисы,YANDEX*7299*RUNCHARG E
2026-07-04,03:16,-150.0,expense,Прочие сервисы,YANDEX*7299*RUNCHARG E
2026-07-04,06:02,260.0,internal,Переводы между своими счетами,Свой счёт
2026-07-04,06:13,-404.0,expense,Такси,Яндекс Go
2026-07-04,08:22,1000.0,internal,Переводы между своими счетами,Свой счёт
2026-07-04,09:01,-83.0,expense,Общественный транспорт,Общественный транспорт
2026-07-04,09:17,-32.0,expense,Самокаты,Самокаты (Яндекс / Whoosh)
2026-07-04,17:13,-17.0,expense,Самокаты,Самокаты (Яндекс / Whoosh)
2026-07-04,17:51,-83.0,expense,Общественный транспорт,Общественный транспорт
2026-07-04,21:25,-506.0,expense,Продукты,Яндекс Лавка
2026-07-05,02:22,-69.0,expense,Самокаты,Самокаты (Яндекс / Whoosh)
2026-07-05,02:25,-29.0,expense,Самокаты,Самокаты (Яндекс / Whoosh)
2026-07-05,02:47,200.0,internal,Переводы между своими счетами,Свой счёт
2026-07-05,02:55,200.0,internal,Переводы между своими счетами,Свой счёт
2026-07-05,03:13,-587.0,expense,Такси,Яндекс Go
2026-07-05,18:26,3000.0,other_income,Поступления от людей,Перевод от физлица
2026-07-05,19:05,-234.0,expense,Продукты,Пятёрочка
2026-07-05,19:10,-59.99,expense,Продукты,Пятёрочка
2026-07-05,19:41,-400.0,expense,Переводы людям,Перевод физлицу
2026-07-05,19:46,-400.0,expense,Переводы людям,Перевод физлицу
2026-07-05,20:15,-49.0,expense,Кафе и рестораны,KOFE
2026-07-05,21:38,-339.37,expense,Алкоголь и табак,Красное&Белое
2026-07-05,22:41,-9.0,expense,Самокаты,Самокаты (Яндекс / Whoosh)
2026-07-05,22:45,-140.0,expense,Мелкие точки (ИП),ИП (название скрыто)
2026-07-05,23:06,-150.0,expense,Продукты,PEKARNYA
2026-07-05,23:45,310.0,other_income,Поступления от людей,Перевод от физлица
2026-07-05,23:46,330.0,internal,Переводы между своими счетами,Свой счёт
2026-07-05,23:58,-919.0,expense,Такси,Яндекс Go
2026-07-06,00:00,-31.0,expense,Самокаты,Самокаты (Яндекс / Whoosh)
2026-07-06,11:33,-49.0,expense,Самокаты,Самокаты (Яндекс / Whoosh)
2026-07-06,11:45,-500.0,expense,Госуслуги и документы,Foto Uslugi
2026-07-06,12:06,-300.0,expense,Госуслуги и документы,MOI DOKUMENTY_BYUDZHET
2026-07-06,12:25,-45.0,expense,Самокаты,Самокаты (Яндекс / Whoosh)
2026-07-06,17:12,2700.0,other_income,Поступления от людей,Перевод от физлица
2026-07-06,18:06,-500.0,expense,Наличные,Снятие наличных
2026-07-06,20:24,-1824.0,expense,Покупки,Долями (рассрочка)
2026-07-06,20:54,1500.0,internal,Переводы между своими счетами,Свой счёт
2026-07-06,21:11,-500.0,internal,Переводы между своими счетами,Свой счёт
2026-07-07,09:58,-1092.0,expense,Такси,Яндекс Go
2026-07-07,16:50,1000.0,internal,Переводы между своими счетами,Свой счёт
2026-07-07,19:14,-169.0,expense,Алкоголь и табак,BLACK TAB
2026-07-07,20:21,-374.99,expense,Продукты,Пятёрочка
2026-07-08,08:52,-41.0,expense,Самокаты,Самокаты (Яндекс / Whoosh)
2026-07-08,13:07,900.0,internal,Переводы между своими счетами,Свой счёт
2026-07-08,13:20,-900.0,expense,Подписки и связь,Домашний интернет
2026-07-08,16:45,-118.0,expense,Общественный транспорт,Общественный транспорт
2026-07-08,17:13,-73.0,expense,Общественный транспорт,Общественный транспорт
2026-07-08,20:47,1500.0,internal,Переводы между своими счетами,Свой счёт
2026-07-08,21:07,1000.0,other_income,Поступления от людей,Перевод от физлица
2026-07-08,21:43,2000.0,internal,Переводы между своими счетами,Свой счёт
2026-07-08,22:01,-317.0,expense,Подписки и связь,Мобильная связь
2026-07-08,22:01,-2799.0,expense,Покупки,Kleek.Store
2026-07-09,00:07,1000.0,internal,Переводы между своими счетами,Свой счёт
2026-07-09,00:56,-249.0,expense,Алкоголь и табак,TABAK ARBAT
2026-07-09,01:09,-1217.0,expense,Такси,Яндекс Go
2026-07-09,01:50,-440.0,expense,Переводы людям,Перевод физлицу
2026-07-09,06:55,-149.0,expense,Подписки и связь,Яндекс (подписка)
2026-07-09,07:34,-26.0,expense,Самокаты,Самокаты (Яндекс / Whoosh)
2026-07-09,07:36,-276.0,expense,Продукты,Хлебница
2026-07-09,09:03,-30.0,expense,Самокаты,Самокаты (Яндекс / Whoosh)
2026-07-09,21:36,-118.0,expense,Общественный транспорт,Общественный транспорт
2026-07-09,21:38,-254.97,expense,Продукты,Дикси
2026-07-09,21:46,-64.0,expense,Самокаты,Самокаты (Яндекс / Whoosh)
2026-07-09,21:55,1500.0,internal,Переводы между своими счетами,Свой счёт
2026-07-09,22:29,-1000.0,expense,Переводы людям,Перевод физлицу
2026-07-10,07:25,2500.0,internal,Переводы между своими счетами,Свой счёт
2026-07-10,07:26,-1000.0,internal,Переводы между своими счетами,Свой счёт
2026-07-10,07:26,-1329.0,expense,Покупки,Долями (рассрочка)
2026-07-10,07:50,-150.0,expense,Общественный транспорт,Общественный транспорт
2026-07-10,08:46,-215.0,expense,Самокаты,Самокаты (Яндекс / Whoosh)
2026-07-10,19:29,-184.98,expense,Продукты,Пятёрочка
2026-07-10,22:45,1000.0,internal,Переводы между своими счетами,Свой счёт
2026-07-10,22:50,231.0,other_income,Поступления от людей,Перевод от физлица
2026-07-11,07:01,500.0,internal,Переводы между своими счетами,Свой счёт
2026-07-11,08:47,-139.99,expense,Продукты,Пятёрочка
2026-07-11,08:47,-200.0,expense,Мелкие точки (ИП),ИП (название скрыто)
2026-07-11,18:01,-18.0,expense,Самокаты,Самокаты (Яндекс / Whoosh)
2026-07-11,20:32,-972.92,expense,Продукты,Перекрёсток
2026-07-11,22:54,-250.0,expense,Продукты,Продуктовый магазин
2026-07-11,23:48,300.0,other_income,Поступления от людей,Перевод от физлица
2026-07-11,23:49,300.0,internal,Переводы между своими счетами,Свой счёт
2026-07-12,00:03,-810.0,expense,Такси,Яндекс Go
2026-07-12,00:35,-140.0,expense,Мелкие точки (ИП),ИП (название скрыто)
2026-07-12,16:09,1000.0,internal,Переводы между своими счетами,Свой счёт
2026-07-12,16:11,-500.0,expense,Продукты,Продуктовый магазин
2026-07-12,16:21,-299.0,expense,Подписки и связь,Т-Банк подписки
2026-07-12,17:01,1800.0,other_income,Поступления от людей,Перевод от физлица
2026-07-12,18:48,-150.0,internal,Переводы между своими счетами,Свой счёт
2026-07-12,18:53,-109.99,expense,Продукты,Пятёрочка
2026-07-12,22:06,-88.0,expense,Общественный транспорт,Общественный транспорт
2026-07-12,22:22,994.85,other_income,Поступления от людей,Перевод от физлица
2026-07-12,23:07,-1129.0,expense,Здоровье,Аптека
2026-07-12,23:12,-130.0,expense,Продукты,Продуктовый магазин
2026-07-12,23:16,-76.0,expense,Самокаты,Самокаты (Яндекс / Whoosh)
2026-07-13,13:12,1000.0,other_income,Поступления от людей,Перевод от физлица
2026-07-13,13:37,-800.0,expense,Переводы людям,Перевод физлицу
2026-07-13,15:20,-118.0,expense,Общественный транспорт,Общественный транспорт
2026-07-13,18:07,-699.0,expense,Кафе и рестораны,Вкусно — и точка
2026-07-13,19:27,-505.0,expense,Кафе и рестораны,BAR SHTOLNYA
2026-07-13,20:29,-215.0,expense,Самокаты,Самокаты (Яндекс / Whoosh)
2026-07-13,20:29,200.0,other_income,Поступления от людей,Перевод от физлица
2026-07-13,20:43,-58.0,expense,Самокаты,Самокаты (Яндекс / Whoosh)
2026-07-13,20:54,-78.0,expense,Самокаты,Самокаты (Яндекс / Whoosh)
2026-07-13,20:57,-25.0,expense,Самокаты,Самокаты (Яндекс / Whoosh)
2026-07-14,07:14,-61.0,expense,Общественный транспорт,Общественный транспорт
2026-07-14,07:14,1000.0,internal,Переводы между своими счетами,Свой счёт
2026-07-14,07:19,-169.0,expense,Алкоголь и табак,BLACK TAB
2026-07-14,08:33,-139.99,expense,Продукты,Пятёрочка
2026-07-14,08:41,-22.0,expense,Самокаты,Самокаты (Яндекс / Whoosh)
2026-07-14,23:53,-550.0,expense,Кафе и рестораны,REMYKITCHENBAKERY
2026-07-14,23:57,275.0,internal,Переводы между своими счетами,Свой счёт
2026-07-15,08:02,-130.0,expense,Подписки и связь,Мобильная связь
2026-07-15,08:51,-29.0,expense,Самокаты,Самокаты (Яндекс / Whoosh)
2026-07-15,09:48,1000.0,internal,Переводы между своими счетами,Свой счёт
2026-07-15,18:11,-395.0,expense,Переводы людям,Перевод физлицу
2026-07-15,21:40,-279.98,expense,Продукты,Пятёрочка
2026-07-15,21:41,-9.99,expense,Продукты,Пятёрочка
2026-07-16,09:23,5000.0,other_income,Поступления от людей,Перевод от физлица
2026-07-16,09:25,-5000.0,internal,Переводы между своими счетами,Свой счёт
2026-07-16,11:43,-83.0,expense,Общественный транспорт,Общественный транспорт
2026-07-16,12:23,1800.0,other_income,Поступления от людей,Перевод от физлица
2026-07-16,12:48,900.0,other_income,Поступления от людей,Перевод от физлица
2026-07-16,13:28,-1386.0,expense,Развлечения,SINEMA PARK
2026-07-16,18:38,-469.59,expense,Продукты,Продуктовый магазин
2026-07-16,18:44,-91.0,expense,Кафе и рестораны,Вкусно — и точка
2026-07-16,18:48,-125.0,expense,Кафе и рестораны,Вкусно — и точка
2026-07-16,20:13,3000.0,internal,Переводы между своими счетами,Свой счёт
2026-07-16,21:48,-2487.0,expense,Кафе и рестораны,NETMONET
2026-07-16,22:03,-150.0,internal,Переводы между своими счетами,Свой счёт
2026-07-17,08:19,-386.0,expense,Кафе и рестораны,YANDEX*4215*DOSTAVKA
2026-07-17,08:52,-10.0,expense,Самокаты,Самокаты (Яндекс / Whoosh)
2026-07-17,08:53,-92.99,expense,Продукты,Пятёрочка
2026-07-17,08:54,-145.0,expense,Мелкие точки (ИП),ИП (название скрыто)
2026-07-17,09:01,-55.0,expense,Самокаты,Самокаты (Яндекс / Whoosh)
2026-07-17,17:54,75000.0,income,Зарплата,Зарплата (внесение наличных)
2026-07-17,17:55,-79.99,expense,Продукты,Пятёрочка
2026-07-17,17:57,-1824.0,expense,Покупки,Долями (рассрочка)
2026-07-17,17:57,-64552.45,internal,Переводы между своими счетами,Свой счёт
2026-07-17,17:59,-5000.0,expense,Переводы людям,Перевод физлицу
2026-07-17,17:59,-3000.0,internal,Переводы между своими счетами,Свой счёт
2026-07-17,19:33,200.0,internal,Переводы между своими счетами,Свой счёт
2026-07-17,19:34,-2338.0,expense,Покупки,Долями (рассрочка)
2026-07-17,19:34,2000.0,internal,Переводы между своими счетами,Свой счёт
2026-07-17,20:17,-466.9,expense,Продукты,Продуктовый магазин
2026-07-17,21:53,-139.9,expense,Продукты,Продуктовый магазин
2026-07-17,23:11,-170.0,expense,Алкоголь и табак,TabakPivo
2026-07-17,23:28,-35.0,expense,Самокаты,Самокаты (Яндекс / Whoosh)
2026-07-17,23:29,-40.0,expense,Самокаты,Самокаты (Яндекс / Whoosh)
2026-07-17,23:40,442.0,internal,Переводы между своими счетами,Свой счёт
2026-07-17,23:43,-250.0,expense,Продукты,Продуктовый магазин
2026-07-17,23:50,-200.0,expense,Переводы людям,Перевод физлицу
2026-07-18,00:01,-150.0,expense,Алкоголь и табак,SPTABAK NAPITKI
2026-07-18,00:38,-3810.0,expense,Кафе и рестораны,KAFE
2026-07-18,00:38,4000.0,internal,Переводы между своими счетами,Свой счёт
2026-07-18,08:04,-180.0,expense,Кафе и рестораны,COFFEE SMELL
2026-07-18,09:00,-61.0,expense,Самокаты,Самокаты (Яндекс / Whoosh)
2026-07-18,17:10,2000.0,internal,Переводы между своими счетами,Свой счёт
2026-07-18,17:13,-73.0,expense,Общественный транспорт,Общественный транспорт
2026-07-18,18:12,-619.95,expense,Продукты,Перекрёсток
2026-07-18,18:43,-600.0,expense,Переводы людям,Перевод физлицу
2026-07-18,22:38,-234.0,expense,Продукты,Продуктовый магазин
2026-07-18,22:49,-129.0,expense,Продукты,Продуктовый магазин
2026-07-18,23:38,4000.0,internal,Переводы между своими счетами,Свой счёт
2026-07-19,00:03,7000.0,internal,Переводы между своими счетами,Свой счёт
2026-07-19,00:04,-2000.0,expense,Переводы людям,Перевод физлицу
2026-07-19,00:19,-558.0,expense,Такси,Яндекс Go
2026-07-19,00:47,-6000.0,expense,Переводы людям,Перевод физлицу
2026-07-19,02:10,-1031.0,expense,Такси,Яндекс Go
2026-07-19,02:13,-398.0,expense,Здоровье,Аптека
2026-07-19,04:03,-99.0,expense,Подписки и связь,Т-Банк подписки
2026-07-19,18:26,600.0,internal,Переводы между своими счетами,Свой счёт
2026-07-19,21:40,-503.96,expense,Продукты,Продуктовый магазин
2026-07-19,21:46,-67.1,expense,Продукты,Продуктовый магазин
2026-07-19,22:08,-1000.0,expense,Развлечения,Букмекер
2026-07-20,10:57,-234.0,expense,Продукты,Продуктовый магазин
2026-07-20,12:36,-88.0,expense,Общественный транспорт,Общественный транспорт
2026-07-20,17:08,1358.0,other_income,Поступления от людей,Перевод от физлица
2026-07-20,22:27,29.7,refund,Кэшбэк и бонусы,Т-Банк
2026-07-20,22:31,181.0,refund,Кэшбэк и бонусы,Т-Банк
2026-07-21,07:17,-61.0,expense,Общественный транспорт,Общественный транспорт
2026-07-21,08:31,-46.0,expense,Самокаты,Самокаты (Яндекс / Whoosh)
2026-07-21,08:34,-99.99,expense,Продукты,Пятёрочка
2026-07-21,08:41,-33.0,expense,Самокаты,Самокаты (Яндекс / Whoosh)
2026-07-21,08:53,16500.0,other_income,Поступления от людей,Перевод от физлица
2026-07-21,09:07,-15000.0,internal,Переводы между своими счетами,Свой счёт
2026-07-21,09:50,-650.0,expense,Переводы людям,Перевод физлицу
2026-07-21,18:25,-61.0,expense,Общественный транспорт,Общественный транспорт
2026-07-21,18:55,-59.0,expense,Самокаты,Самокаты (Яндекс / Whoosh)
2026-07-21,19:06,-11.0,expense,Самокаты,Самокаты (Яндекс / Whoosh)
2026-07-21,19:10,-489.96,expense,Продукты,Пятёрочка
2026-07-21,19:11,-12.0,expense,Самокаты,Самокаты (Яндекс / Whoosh)
2026-07-21,21:01,-150.0,expense,Переводы людям,Перевод физлицу
2026-07-22,08:58,-27.0,expense,Самокаты,Самокаты (Яндекс / Whoosh)
2026-07-22,10:20,-513.97,expense,Покупки,32links.ru
2026-07-22,10:26,1500.0,internal,Переводы между своими счетами,Свой счёт
2026-07-22,13:41,-1329.0,expense,Покупки,Долями (рассрочка)
2026-07-23,08:04,-150.0,expense,Кафе и рестораны,Шаурма
2026-07-23,08:05,-280.0,expense,Кафе и рестораны,MEALTY
2026-07-23,08:56,-33.0,expense,Самокаты,Самокаты (Яндекс / Whoosh)
2026-07-23,18:05,-61.0,expense,Общественный транспорт,Общественный транспорт
2026-07-23,18:48,-59.0,expense,Самокаты,Самокаты (Яндекс / Whoosh)
2026-07-23,18:53,-12.0,expense,Самокаты,Самокаты (Яндекс / Whoosh)
2026-07-23,20:50,1500.0,internal,Переводы между своими счетами,Свой счёт
2026-07-23,23:08,-30.0,expense,Самокаты,Самокаты (Яндекс / Whoosh)
2026-07-23,23:20,-480.0,expense,Продукты,Продуктовый магазин
2026-07-23,23:24,-78.0,expense,Самокаты,Самокаты (Яндекс / Whoosh)
2026-07-24,00:56,-395.0,expense,Продукты,Продуктовый магазин
2026-07-24,08:34,-73.0,expense,Общественный транспорт,Общественный транспорт
2026-07-24,09:57,-339.98,expense,Продукты,Пятёрочка
2026-07-24,10:03,-27.0,expense,Самокаты,Самокаты (Яндекс / Whoosh)
2026-07-24,14:42,-250.0,expense,Прочие сервисы,Yandex*7299*zabota
2026-07-24,18:50,-19.0,expense,Самокаты,Самокаты (Яндекс / Whoosh)
2026-07-25,04:37,300.0,internal,Переводы между своими счетами,Свой счёт
2026-07-25,04:37,-275.0,internal,Переводы между своими счетами,Свой счёт
2026-07-25,07:48,-25.0,expense,Самокаты,Самокаты (Яндекс / Whoosh)
2026-07-25,07:49,-130.0,expense,Кафе и рестораны,Шаурма
2026-07-25,08:49,-29.0,expense,Самокаты,Самокаты (Яндекс / Whoosh)
2026-07-25,18:18,-61.0,expense,Общественный транспорт,Общественный транспорт
2026-07-25,18:47,-51.0,expense,Самокаты,Самокаты (Яндекс / Whoosh)
2026-07-25,21:05,1500.0,internal,Переводы между своими счетами,Свой счёт
2026-07-25,23:42,-340.0,expense,Мелкие точки (ИП),ИП (название скрыто)
2026-07-26,01:00,-300.0,internal,Переводы между своими счетами,Свой счёт
2026-07-26,03:52,-535.0,expense,Такси,Яндекс Go
2026-07-26,21:04,500.0,internal,Переводы между своими счетами,Свой счёт
2026-07-26,21:20,-644.98,expense,Продукты,Пятёрочка
2026-07-26,21:51,900.0,internal,Переводы между своими счетами,Свой счёт
2026-07-26,22:01,-350.0,internal,Переводы между своими счетами,Свой счёт
2026-07-27,07:20,1000.0,internal,Переводы между своими счетами,Свой счёт
2026-07-27,07:56,-299.0,expense,Продукты,Продуктовый магазин
2026-07-27,08:50,-28.0,expense,Самокаты,Самокаты (Яндекс / Whoosh)
2026-07-27,17:13,-73.0,expense,Общественный транспорт,Общественный транспорт
2026-07-27,18:12,-404.98,expense,Продукты,Перекрёсток
2026-07-27,20:55,-500.0,expense,Алкоголь и табак,TABAK PROPQR
2026-07-28,08:48,-309.98,expense,Продукты,Пятёрочка
2026-07-28,08:55,-31.0,expense,Самокаты,Самокаты (Яндекс / Whoosh)
2026-07-28,17:34,-985.0,expense,Общественный транспорт,Общественный транспорт
2026-07-28,17:34,3000.0,internal,Переводы между своими счетами,Свой счёт
2026-07-28,18:30,-399.98,expense,Продукты,Перекрёсток
2026-07-28,20:18,-1500.0,expense,Переводы людям,Перевод физлицу
2026-07-29,07:46,500.0,internal,Переводы между своими счетами,Свой счёт
2026-07-29,08:45,-270.0,expense,Самокаты,Самокаты (Яндекс / Whoosh)
2026-07-29,08:50,-38.0,expense,Самокаты,Самокаты (Яндекс / Whoosh)
2026-07-29,17:34,-61.0,expense,Общественный транспорт,Общественный транспорт
2026-07-29,18:04,-52.0,expense,Самокаты,Самокаты (Яндекс / Whoosh)
2026-07-29,21:15,1000.0,internal,Переводы между своими счетами,Свой счёт
2026-07-29,22:23,-669.95,expense,Продукты,Пятёрочка
2026-07-29,22:24,-79.99,expense,Продукты,Пятёрочка
2026-07-29,22:31,-279.0,expense,Здоровье,Аптека
2026-07-29,22:33,-145.0,expense,Самокаты,Самокаты (Яндекс / Whoosh)
2026-07-30,07:40,-54.0,expense,Самокаты,Самокаты (Яндекс / Whoosh)
2026-07-30,09:00,-30.0,expense,Самокаты,Самокаты (Яндекс / Whoosh)
2026-07-30,16:12,1000.0,internal,Переводы между своими счетами,Свой счёт
2026-07-30,17:32,-61.0,expense,Общественный транспорт,Общественный транспорт
2026-07-30,18:05,-62.0,expense,Самокаты,Самокаты (Яндекс / Whoosh)
2026-07-30,18:09,-764.92,expense,Продукты,Пятёрочка
2026-07-30,18:10,-11.0,expense,Самокаты,Самокаты (Яндекс / Whoosh)
2026-07-30,21:16,1000.0,internal,Переводы между своими счетами,Свой счёт
2026-07-30,21:17,-498.0,expense,Продукты,Продуктовый магазин
2026-07-30,22:16,-259.98,expense,Продукты,Пятёрочка
2026-07-30,22:17,-149.97,expense,Продукты,Пятёрочка
2026-07-30,23:18,-61.0,expense,Общественный транспорт,Общественный транспорт
2026-07-31,00:10,-37.0,expense,Самокаты,Самокаты (Яндекс / Whoosh)
2026-07-31,08:48,-26.0,expense,Самокаты,Самокаты (Яндекс / Whoosh)
2026-07-31,17:00,-61.0,expense,Общественный транспорт,Общественный транспорт
2026-08-01,01:49,3000.0,internal,Переводы между своими счетами,Свой счёт
2026-08-01,03:28,-215.0,expense,Самокаты,Самокаты (Яндекс / Whoosh)
2026-08-01,03:43,-670.0,expense,Переводы людям,Перевод физлицу
2026-08-01,04:13,-178.35,expense,Самокаты,Самокаты (Яндекс / Whoosh)
2026-08-01,05:47,-240.0,expense,Такси,Яндекс Go
2026-08-01,10:11,-287.0,expense,Такси,Яндекс Go
2026-08-01,10:41,-254.0,expense,Такси,Яндекс Go
2026-08-01,10:53,1000.0,other_income,Поступления от людей,Перевод от физлица
2026-08-01,10:55,-50.0,expense,Кафе и рестораны,OOO KAFEDRA- MFC
2026-08-01,11:04,-64.0,expense,Кафе и рестораны,OOO KAFEDRA- MFC
2026-08-01,11:25,400.0,other_income,Поступления от людей,Перевод от физлица
2026-08-01,11:46,-2000.0,expense,Госуслуги и документы,MOI_DOCUMENTY
2026-08-01,11:56,-350.0,expense,Госуслуги и документы,MOI_DOCUMENTY
2026-08-01,17:27,-45.0,expense,Самокаты,Самокаты (Яндекс / Whoosh)
2026-08-02,13:33,-1824.0,expense,Покупки,Долями (рассрочка)
2026-08-02,13:33,-2338.0,expense,Покупки,Долями (рассрочка)
2026-08-02,13:33,5000.0,internal,Переводы между своими счетами,Свой счёт
2026-08-02,13:47,-180.0,expense,Продукты,Продуктовый магазин
2026-08-03,07:16,-61.0,expense,Общественный транспорт,Общественный транспорт
2026-08-03,07:24,-42.0,expense,Самокаты,Самокаты (Яндекс / Whoosh)
2026-08-03,08:48,-34.0,expense,Самокаты,Самокаты (Яндекс / Whoosh)
2026-08-03,18:10,-89.99,expense,Продукты,Перекрёсток
2026-08-03,18:13,-94.0,expense,Общественный транспорт,Общественный транспорт
2026-08-03,21:22,-10.99,expense,Продукты,Перекрёсток
2026-08-04,08:56,-29.0,expense,Самокаты,Самокаты (Яндекс / Whoosh)
2026-08-04,16:57,-44.0,expense,Самокаты,Самокаты (Яндекс / Whoosh)
2026-08-04,16:58,-68.0,expense,Самокаты,Самокаты (Яндекс / Whoosh)
2026-08-04,16:59,50000.0,income,Зарплата,Зарплата (внесение наличных)
2026-08-04,17:00,-109.99,expense,Продукты,Пятёрочка
2026-08-04,17:01,-19992.87,internal,Переводы между своими счетами,Свой счёт
2026-08-04,17:01,-5000.0,internal,Переводы между своими счетами,Свой счёт
2026-08-04,17:01,-10500.0,expense,Переводы людям,Перевод физлицу
2026-08-04,17:02,-8000.0,internal,Переводы между своими счетами,Свой счёт
2026-08-04,17:05,-1000.0,expense,Переводы людям,Перевод физлицу
2026-08-04,17:06,-300.0,expense,Переводы людям,Перевод физлицу
2026-08-04,17:33,-500.0,internal,Переводы между своими счетами,Свой счёт
2026-08-04,17:54,-61.0,expense,Общественный транспорт,Общественный транспорт
2026-08-04,18:24,-405.0,expense,Переводы людям,Перевод физлицу
2026-08-04,18:27,-79.0,expense,Самокаты,Самокаты (Яндекс / Whoosh)
2026-08-05,11:40,-269.98,expense,Продукты,Пятёрочка
2026-08-05,14:53,1300.0,other_income,Поступления от людей,Перевод от физлица
2026-08-05,18:06,1.9,internal,Переводы между своими счетами,Свой счёт
2026-08-05,21:21,-500.0,expense,Переводы людям,Перевод физлицу
2026-08-05,21:43,500.0,internal,Переводы между своими счетами,Свой счёт
2026-08-06,17:02,-31.0,expense,Самокаты,Самокаты (Яндекс / Whoosh)
2026-08-06,18:06,-179.98,expense,Продукты,Перекрёсток
2026-08-06,19:11,-379.98,expense,Продукты,Продуктовый магазин
2026-08-06,19:40,-329.98,expense,Продукты,Продуктовый магазин
2026-08-06,20:17,-1105.0,expense,Кафе и рестораны,Вкусно — и точка
2026-08-06,21:02,-700.0,expense,Алкоголь и табак,ELIT TABAK
2026-08-07,07:54,-32.0,expense,Самокаты,Самокаты (Яндекс / Whoosh)
2026-08-07,07:59,-298.0,expense,Кафе и рестораны,MEALTY
2026-08-07,08:00,-155.0,expense,Продукты,PEKARNYA
2026-08-07,08:55,-30.0,expense,Самокаты,Самокаты (Яндекс / Whoosh)
2026-08-07,19:59,-866.0,expense,Продукты,Яндекс Лавка
2026-08-08,06:55,-149.0,expense,Подписки и связь,Яндекс (подписка)
2026-08-08,07:53,-33.0,expense,Самокаты,Самокаты (Яндекс / Whoosh)
2026-08-08,07:56,-280.0,expense,Кафе и рестораны,Шаурма
2026-08-08,08:53,-45.0,expense,Самокаты,Самокаты (Яндекс / Whoosh)
2026-08-08,18:38,-249.0,expense,Подписки и связь,VPN (Telegram-бот)
2026-08-08,20:23,-2.0,expense,Самокаты,Самокаты (Яндекс / Whoosh)
2026-08-08,21:24,-139.99,expense,Продукты,Перекрёсток
2026-08-08,22:50,-129.0,expense,Продукты,Продуктовый магазин
2026-08-08,23:39,-74.69,expense,Самокаты,Самокаты (Яндекс / Whoosh)
2026-08-08,23:39,-27.0,expense,Самокаты,Самокаты (Яндекс / Whoosh)
2026-08-09,00:13,-21.0,expense,Самокаты,Самокаты (Яндекс / Whoosh)
2026-08-09,00:13,-19.0,expense,Самокаты,Самокаты (Яндекс / Whoosh)
2026-08-09,00:20,-39.0,expense,Самокаты,Самокаты (Яндекс / Whoosh)
2026-08-09,00:20,-34.0,expense,Самокаты,Самокаты (Яндекс / Whoosh)
2026-08-09,00:22,500.0,other_income,Поступления от людей,Перевод от физлица
2026-08-09,00:24,-155.0,expense,Продукты,Продуктовый магазин
2026-08-09,00:43,1000.0,internal,Переводы между своими счетами,Свой счёт
2026-08-09,00:46,-900.0,expense,Кафе и рестораны,OOO BAR 1929
2026-08-09,01:28,2000.0,internal,Переводы между своими счетами,Свой счёт
2026-08-09,01:31,-800.0,expense,Кафе и рестораны,OOO BAR 1929
2026-08-09,03:11,-965.0,expense,Такси,Яндекс Go
2026-08-09,11:40,-118.0,expense,Общественный транспорт,Общественный транспорт
2026-08-09,12:24,1300.0,other_income,Поступления от людей,Перевод от физлица
2026-08-09,13:27,-139.99,expense,Продукты,Пятёрочка
2026-08-09,14:52,3200.0,other_income,Поступления от людей,Перевод от физлица
2026-08-09,16:15,-210.0,expense,Кафе и рестораны,KAFE
2026-08-09,16:51,2000.0,internal,Переводы между своими счетами,Свой счёт
2026-08-09,16:52,3000.0,internal,Переводы между своими счетами,Свой счёт
2026-08-09,17:45,-871.19,expense,Продукты,Продуктовый магазин
2026-08-09,21:05,-88.0,expense,Общественный транспорт,Общественный транспорт
2026-08-09,22:06,-521.3,expense,Продукты,Пятёрочка
2026-08-09,22:08,-80.0,expense,Самокаты,Самокаты (Яндекс / Whoosh)
2026-08-09,22:11,-32.0,expense,Самокаты,Самокаты (Яндекс / Whoosh)
2026-08-10,08:08,-225.97,expense,Продукты,Пятёрочка
2026-08-10,08:11,-100.0,expense,Самокаты,Самокаты (Яндекс / Whoosh)
2026-08-10,09:49,-29.0,expense,Самокаты,Самокаты (Яндекс / Whoosh)
2026-08-10,13:04,400.0,other_income,Поступления от людей,Перевод от физлица
2026-08-10,13:22,-58.0,expense,Самокаты,Самокаты (Яндекс / Whoosh)
2026-08-10,13:27,-441.95,expense,Продукты,Пятёрочка
2026-08-10,13:33,-52.0,expense,Самокаты,Самокаты (Яндекс / Whoosh)
2026-08-10,17:57,-30.0,expense,Самокаты,Самокаты (Яндекс / Whoosh)
2026-08-10,20:35,-118.0,expense,Общественный транспорт,Общественный транспорт
2026-08-11,07:38,-61.0,expense,Общественный транспорт,Общественный транспорт
2026-08-11,07:41,-47.0,expense,Продукты,Продуктовый магазин
2026-08-11,08:49,-28.0,expense,Самокаты,Самокаты (Яндекс / Whoosh)
2026-08-11,17:04,-32.0,expense,Самокаты,Самокаты (Яндекс / Whoosh)
2026-08-11,17:06,-300.0,expense,Общественный транспорт,Общественный транспорт
2026-08-11,17:55,-61.0,expense,Общественный транспорт,Общественный транспорт
2026-08-11,18:23,-31.0,expense,Самокаты,Самокаты (Яндекс / Whoosh)
2026-08-12,11:34,-139.99,expense,Продукты,Пятёрочка
2026-08-12,12:11,1300.0,other_income,Поступления от людей,Перевод от физлица
2026-08-12,15:47,-47.0,expense,Самокаты,Самокаты (Яндекс / Whoosh)
2026-08-12,16:22,-299.0,expense,Подписки и связь,Т-Банк подписки
2026-08-12,16:39,2300.0,other_income,Поступления от людей,Перевод от физлица
2026-08-12,16:40,-9000.0,internal,Переводы между своими счетами,Свой счёт
2026-08-12,18:04,-200.0,expense,Переводы людям,Перевод физлицу
2026-08-12,19:15,-319.96,expense,Продукты,Продуктовый магазин
2026-08-12,22:31,-219.98,expense,Продукты,Перекрёсток
2026-08-13,03:16,5000.0,internal,Переводы между своими счетами,Свой счёт
2026-08-13,08:16,-103.77,expense,Самокаты,Самокаты (Яндекс / Whoosh)
2026-08-13,08:19,-12.0,expense,Самокаты,Самокаты (Яндекс / Whoosh)
2026-08-13,09:10,-28.0,expense,Самокаты,Самокаты (Яндекс / Whoosh)
2026-08-13,10:58,-5000.0,internal,Переводы между своими счетами,Свой счёт
2026-08-13,20:18,-104.99,expense,Продукты,Пятёрочка
2026-08-13,21:02,-92.0,expense,Самокаты,Самокаты (Яндекс / Whoosh)
2026-08-13,21:02,205.0,internal,Переводы между своими счетами,Свой счёт
2026-08-13,21:11,-61.0,expense,Самокаты,Самокаты (Яндекс / Whoosh)
2026-08-14,07:36,-61.0,expense,Общественный транспорт,Общественный транспорт
2026-08-14,16:23,-30.0,expense,Самокаты,Самокаты (Яндекс / Whoosh)
2026-08-14,16:23,162.0,internal,Переводы между своими счетами,Свой счёт
2026-08-14,16:24,2000.0,internal,Переводы между своими счетами,Свой счёт
2026-08-14,16:28,-36.0,expense,Самокаты,Самокаты (Яндекс / Whoosh)
2026-08-14,20:54,-2000.0,internal,Переводы между своими счетами,Свой счёт
2026-08-15,03:41,400.0,internal,Переводы между своими счетами,Свой счёт
2026-08-15,03:41,500.0,internal,Переводы между своими счетами,Свой счёт
2026-08-15,03:41,190.0,internal,Переводы между своими счетами,Свой счёт
2026-08-15,03:45,-1153.0,expense,Такси,Яндекс Go
2026-08-15,07:52,-32.0,expense,Самокаты,Самокаты (Яндекс / Whoosh)
2026-08-15,15:22,130.0,internal,Переводы между своими счетами,Свой счёт
2026-08-15,15:23,-42.0,expense,Самокаты,Самокаты (Яндекс / Whoosh)
2026-08-15,15:28,-34.0,expense,Самокаты,Самокаты (Яндекс / Whoosh)
2026-08-16,20:24,1200.0,other_income,Поступления от людей,Перевод от физлица
2026-08-16,21:07,5000.0,internal,Переводы между своими счетами,Свой счёт
2026-08-16,21:12,-4599.0,expense,Путешествия,Билеты (авиа / ЖД)
2026-08-17,00:18,-171.0,expense,Такси,Яндекс Go
2026-08-17,07:43,-61.0,expense,Общественный транспорт,Общественный транспорт
2026-08-17,07:45,-28.0,expense,Самокаты,Самокаты (Яндекс / Whoosh)
2026-08-17,08:55,-28.0,expense,Самокаты,Самокаты (Яндекс / Whoosh)
2026-08-17,13:45,-500.0,internal,Переводы между своими счетами,Свой счёт
2026-08-17,15:15,17000.0,internal,Переводы между своими счетами,Свой счёт
2026-08-17,15:20,-18700.0,expense,Развлечения,Билеты на мероприятия
2026-08-17,15:20,1400.0,internal,Переводы между своими счетами,Свой счёт
2026-08-17,18:00,-31.0,expense,Самокаты,Самокаты (Яндекс / Whoosh)
2026-08-17,18:39,-45.0,expense,Самокаты,Самокаты (Яндекс / Whoosh)
2026-08-17,19:02,-134.0,expense,Самокаты,Самокаты (Яндекс / Whoosh)
2026-08-17,23:03,-116.0,expense,Самокаты,Самокаты (Яндекс / Whoosh)
2026-08-17,23:09,-52.0,expense,Самокаты,Самокаты (Яндекс / Whoosh)
2026-08-17,23:10,-47.0,expense,Самокаты,Самокаты (Яндекс / Whoosh)
2026-08-18,04:03,-99.0,expense,Подписки и связь,Т-Банк подписки
2026-08-18,07:48,400.0,other_income,Поступления от людей,Перевод от физлица
2026-08-18,07:49,-230.97,expense,Продукты,Пятёрочка
2026-08-18,07:50,-131.0,expense,Самокаты,Самокаты (Яндекс / Whoosh)
2026-08-18,09:24,-28.0,expense,Самокаты,Самокаты (Яндекс / Whoosh)
2026-08-18,17:04,5000.0,other_income,Поступления от людей,Перевод от физлица
2026-08-18,18:21,-33.0,expense,Самокаты,Самокаты (Яндекс / Whoosh)
2026-08-18,18:21,-118.0,expense,Общественный транспорт,Общественный транспорт
2026-08-18,20:37,-350.0,expense,Переводы людям,Перевод физлицу
2026-08-18,20:43,-453.0,expense,Такси,Яндекс Go
2026-08-18,21:07,-1630.0,expense,Кафе и рестораны,BOLO
2026-08-18,21:42,-631.0,expense,Такси,Яндекс Go
2026-08-19,07:47,-146.0,expense,Самокаты,Самокаты (Яндекс / Whoosh)
2026-08-19,09:09,-149.99,expense,Продукты,Пятёрочка
2026-08-19,09:10,-185.0,expense,Мелкие точки (ИП),ИП (название скрыто)
2026-08-19,09:17,-38.0,expense,Самокаты,Самокаты (Яндекс / Whoosh)
2026-08-19,10:24,-527.0,expense,Переводы людям,Перевод физлицу
2026-08-19,17:12,-28.0,expense,Самокаты,Самокаты (Яндекс / Whoosh)
2026-08-19,17:13,-500.0,expense,Общественный транспорт,Общественный транспорт
2026-08-19,17:54,-61.0,expense,Общественный транспорт,Общественный транспорт
2026-08-19,18:23,-51.0,expense,Самокаты,Самокаты (Яндекс / Whoosh)
2026-08-19,18:57,1300.0,other_income,Поступления от людей,Перевод от физлица
2026-08-19,23:15,-500.0,expense,Самокаты,Самокаты (Яндекс / Whoosh)
2026-08-20,08:53,-99.99,expense,Продукты,Пятёрочка
2026-08-20,17:30,1200.0,other_income,Поступления от людей,Перевод от физлица
2026-08-20,17:39,1300.0,other_income,Поступления от людей,Перевод от физлица
2026-08-20,18:06,-27.0,expense,Самокаты,Самокаты (Яндекс / Whoosh)
2026-08-20,19:11,-780.83,expense,Продукты,Перекрёсток
2026-08-20,20:48,-62.0,expense,Самокаты,Самокаты (Яндекс / Whoosh)
2026-08-20,22:27,10000.0,income,Зарплата,Зарплата (внесение наличных)
2026-08-20,22:28,-8000.0,internal,Переводы между своими счетами,Свой счёт
2026-08-20,22:28,179.7,refund,Кэшбэк и бонусы,Т-Банк
2026-08-20,22:31,305.0,refund,Кэшбэк и бонусы,Т-Банк
2026-08-21,08:12,-145.0,expense,Общественный транспорт,Общественный транспорт
2026-08-21,09:07,-36.0,expense,Самокаты,Самокаты (Яндекс / Whoosh)
2026-08-21,13:45,2500.0,internal,Переводы между своими счетами,Свой счёт
2026-08-21,15:21,-513.97,expense,Покупки,32links.ru
2026-08-21,18:04,-574.0,expense,Кафе и рестораны,Вкусно — и точка
2026-08-21,18:09,-41.0,expense,Самокаты,Самокаты (Яндекс / Whoosh)
2026-08-21,18:33,-159.98,expense,Продукты,Перекрёсток
2026-08-21,19:08,-180.0,expense,Прочие сервисы,YANDEX*7299*RUNCHARG E
2026-08-21,20:08,-120.0,expense,Прочие сервисы,YANDEX*7299*RUNCHARG E
2026-08-21,21:55,-427.0,expense,Общественный транспорт,АЗС
2026-08-21,21:58,240.0,other_income,Поступления от людей,Перевод от физлица
2026-08-22,01:56,-20.0,expense,Кафе и рестораны,KAFE PIT STOP
2026-08-22,01:58,-3000.0,expense,Переводы людям,Перевод физлицу
2026-08-22,02:01,4599.0,refund,Путешествия,Возврат за авиабилет
2026-08-22,19:08,-250.0,expense,Прочие сервисы,YANDEX*7299*RUNCHARG E
2026-08-23,13:08,-459.0,expense,Продукты,Продуктовый магазин
2026-08-23,13:42,2000.0,other_income,Поступления от людей,Перевод от физлица
2026-08-23,18:09,-279.95,expense,Продукты,Пятёрочка
2026-08-23,19:08,-250.0,expense,Прочие сервисы,YANDEX*7299*RUNCHARG E
2026-08-23,20:01,-2000.0,internal,Переводы между своими счетами,Свой счёт
2026-08-23,22:35,-380.0,expense,Мелкие точки (ИП),ИП (название скрыто)
2026-08-23,22:46,-85.0,expense,Мелкие точки (ИП),ИП (название скрыто)
2026-08-23,22:49,-35.0,expense,Мелкие точки (ИП),ИП (название скрыто)
2026-08-24,03:07,-129.0,expense,Самокаты,Самокаты (Яндекс / Whoosh)
2026-08-24,12:31,-24.0,expense,Самокаты,Самокаты (Яндекс / Whoosh)
2026-08-24,12:44,-32.0,expense,Самокаты,Самокаты (Яндекс / Whoosh)
2026-08-24,13:35,-650.0,expense,Продукты,Продуктовый магазин
2026-08-24,13:38,-118.89,expense,Алкоголь и табак,BRISTOL 7194
2026-08-24,14:41,-2600.0,expense,Переводы людям,Перевод физлицу
2026-08-24,14:44,-250.0,expense,Прочие сервисы,Yandex*7299*zabota
2026-08-24,15:11,1300.0,other_income,Поступления от людей,Перевод от физлица
2026-08-24,20:11,-525.96,expense,Продукты,Пятёрочка
2026-08-25,07:56,-60.0,expense,Мелкие точки (ИП),ИП (название скрыто)
2026-08-25,07:56,-46.0,expense,Самокаты,Самокаты (Яндекс / Whoosh)
2026-08-25,07:57,-61.0,expense,Общественный транспорт,Общественный транспорт
2026-08-25,08:49,-500.0,expense,Общественный транспорт,Общественный транспорт
2026-08-25,09:10,-46.0,expense,Самокаты,Самокаты (Яндекс / Whoosh)
2026-08-25,16:57,-35.0,expense,Самокаты,Самокаты (Яндекс / Whoosh)
2026-08-25,23:40,-55.0,expense,Самокаты,Самокаты (Яндекс / Whoosh)
2026-08-26,00:38,-290.0,expense,Продукты,Продуктовый магазин
2026-08-26,15:52,1300.0,other_income,Поступления от людей,Перевод от физлица
2026-08-26,17:23,-194.98,expense,Продукты,Пятёрочка
2026-08-26,17:27,-30.0,expense,Самокаты,Самокаты (Яндекс / Whoosh)
2026-08-26,17:28,-280.0,expense,Мелкие точки (ИП),ИП (название скрыто)
2026-08-26,18:45,-896.0,expense,Переводы людям,Перевод физлицу
2026-08-27,07:48,-53.0,expense,Самокаты,Самокаты (Яндекс / Whoosh)
2026-08-27,07:52,-250.0,expense,Мелкие точки (ИП),ИП (название скрыто)
2026-08-27,07:56,-61.0,expense,Общественный транспорт,Общественный транспорт
2026-08-27,07:56,-200.0,expense,Мелкие точки (ИП),ИП (название скрыто)
2026-08-27,09:09,-30.0,expense,Самокаты,Самокаты (Яндекс / Whoosh)
2026-08-27,13:49,9500.0,other_income,Поступления от людей,Перевод от физлица
2026-08-27,15:40,-39.0,expense,Подписки и связь,Мобильная связь
2026-08-27,17:38,-250.0,expense,Мелкие точки (ИП),ИП (название скрыто)
2026-08-27,17:43,-120.0,expense,Мелкие точки (ИП),ИП (название скрыто)
2026-08-27,20:40,-186.67,expense,Прочие сервисы,YM*AMPP
2026-08-27,23:39,-1500.0,internal,Переводы между своими счетами,Свой счёт
2026-08-27,23:40,-500.0,expense,Общественный транспорт,Общественный транспорт
2026-08-27,23:53,-2000.0,internal,Переводы между своими счетами,Свой счёт
2026-08-27,23:54,-2338.0,expense,Покупки,Долями (рассрочка)
2026-08-28,00:28,-40.0,expense,Самокаты,Самокаты (Яндекс / Whoosh)
2026-08-28,07:38,-21.0,expense,Самокаты,Самокаты (Яндекс / Whoosh)
2026-08-28,07:42,-65.0,expense,Продукты,Хлебница
2026-08-28,08:33,-27.0,expense,Самокаты,Самокаты (Яндекс / Whoosh)
2026-08-28,09:04,-27.0,expense,Самокаты,Самокаты (Яндекс / Whoosh)
2026-08-28,15:48,-500.0,expense,Переводы людям,Перевод физлицу
2026-08-28,16:52,-29.0,expense,Самокаты,Самокаты (Яндекс / Whoosh)
2026-08-28,17:29,-61.0,expense,Общественный транспорт,Общественный транспорт
2026-08-28,18:05,-49.0,expense,Самокаты,Самокаты (Яндекс / Whoosh)
2026-08-28,20:39,1400.0,other_income,Поступления от людей,Перевод от физлица
2026-08-28,21:00,-114.99,expense,Продукты,Пятёрочка
2026-08-28,23:00,-470.0,expense,Мелкие точки (ИП),ИП (название скрыто)
2026-08-28,23:00,-260.0,expense,Кафе и рестораны,EVO_SWEETSNACKS
2026-08-29,00:44,1900.0,internal,Переводы между своими счетами,Свой счёт
2026-08-29,00:45,-3200.0,internal,Переводы между своими счетами,Свой счёт
2026-08-29,07:56,-100.0,expense,Кафе и рестораны,Шаурма
2026-08-29,07:57,-36.0,expense,Самокаты,Самокаты (Яндекс / Whoosh)
2026-08-29,08:51,-394.98,expense,Продукты,Пятёрочка
2026-08-29,08:57,-84.0,expense,Самокаты,Самокаты (Яндекс / Whoosh)
2026-08-29,16:36,-61.0,expense,Общественный транспорт,Общественный транспорт
2026-08-29,17:22,-120.0,expense,Самокаты,Самокаты (Яндекс / Whoosh)
2026-08-29,21:31,-88.0,expense,Общественный транспорт,Общественный транспорт
2026-08-29,22:26,-459.96,expense,Продукты,Пятёрочка
2026-08-29,22:37,-106.0,expense,Самокаты,Самокаты (Яндекс / Whoosh)
2026-08-30,07:07,-33.0,expense,Самокаты,Самокаты (Яндекс / Whoosh)
2026-08-30,08:03,5000.0,internal,Переводы между своими счетами,Свой счёт
2026-08-30,08:42,-932.93,expense,Продукты,Пятёрочка
2026-08-30,08:47,-50.0,expense,Самокаты,Самокаты (Яндекс / Whoosh)
2026-08-30,10:37,-2990.0,expense,Подписки и связь,Т-Банк подписки
2026-08-30,10:43,-535.0,expense,Переводы людям,Перевод физлицу
2026-08-30,15:37,-3.9,expense,Подписки и связь,Мобильная связь
2026-08-30,16:13,-40.0,expense,Самокаты,Самокаты (Яндекс / Whoosh)
2026-08-30,16:24,-7.8,expense,Подписки и связь,Мобильная связь
2026-08-30,16:34,-11.7,expense,Подписки и связь,Мобильная связь
2026-08-30,18:22,-118.0,expense,Общественный транспорт,Общественный транспорт
2026-08-30,20:18,1300.0,other_income,Поступления от людей,Перевод от физлица
2026-08-31,07:38,-87.0,expense,Самокаты,Самокаты (Яндекс / Whoosh)
2026-08-31,07:39,-61.0,expense,Общественный транспорт,Общественный транспорт
2026-08-31,08:05,-135.0,expense,Общественный транспорт,Общественный транспорт
2026-08-31,08:51,-27.0,expense,Самокаты,Самокаты (Яндекс / Whoosh)
2026-08-31,10:28,1495.0,refund,Кэшбэк и бонусы,Т-Банк
2026-08-31,16:59,-500.0,expense,Общественный транспорт,Общественный транспорт
2026-08-31,19:51,50.0,other_income,Поступления от людей,Перевод от физлица
2026-08-31,20:56,-429.94,expense,Алкоголь и табак,Винлаб
2026-08-31,21:01,-720.0,expense,Кафе и рестораны,Шаурма
2026-09-01,01:04,1000.0,internal,Переводы между своими счетами,Свой счёт
2026-09-01,01:10,-2194.0,expense,Такси,Яндекс Go
2026-09-01,08:34,-15.0,expense,Самокаты,Самокаты (Яндекс / Whoosh)
2026-09-01,08:37,-60.0,expense,Переводы людям,Перевод физлицу
2026-09-01,21:27,2000.0,other_income,Поступления от людей,Перевод от физлица
2026-09-01,23:15,-38.0,expense,Самокаты,Самокаты (Яндекс / Whoosh)
2026-09-02,01:27,-48.0,expense,Самокаты,Самокаты (Яндекс / Whoosh)
2026-09-02,01:29,-80.0,expense,Покупки,Авито
2026-09-02,01:54,-53.0,expense,Самокаты,Самокаты (Яндекс / Whoosh)
2026-09-02,02:20,190.0,other_income,Поступления от людей,Перевод от физлица
2026-09-02,02:33,-1842.0,expense,Такси,Яндекс Go
2026-09-02,12:11,1300.0,other_income,Поступления от людей,Перевод от физлица
2026-09-02,14:11,-1399.0,expense,Подписки и связь,Telegram Premium
2026-09-02,18:27,1400.0,other_income,Поступления от людей,Перевод от физлица
2026-09-02,20:32,-61.0,expense,Общественный транспорт,Общественный транспорт
2026-09-02,21:08,-500.0,expense,Общественный транспорт,Общественный транспорт
2026-09-02,21:46,-199.88,expense,Алкоголь и табак,BRISTOL 4118
2026-09-02,23:50,-61.0,expense,Общественный транспорт,Общественный транспорт
2026-09-03,00:02,-237.0,expense,Переводы людям,Перевод физлицу
2026-09-03,00:24,-29.0,expense,Самокаты,Самокаты (Яндекс / Whoosh)
2026-09-03,07:40,2000.0,internal,Переводы между своими счетами,Свой счёт
2026-09-03,16:13,800.0,other_income,Поступления от людей,Перевод от физлица
2026-09-03,16:16,500.0,internal,Переводы между своими счетами,Свой счёт
2026-09-03,21:09,-88.0,expense,Общественный транспорт,Общественный транспорт
2026-09-03,22:18,-996.0,expense,Кафе и рестораны,Вкусно — и точка
2026-09-03,22:25,-15.0,expense,Кафе и рестораны,Вкусно — и точка
2026-09-03,22:51,-229.98,expense,Продукты,Пятёрочка
2026-09-03,22:52,-479.99,expense,Продукты,Пятёрочка
2026-09-03,22:54,130000.0,income,Зарплата,Зарплата (внесение наличных)
2026-09-04,07:53,-297.0,expense,Продукты,Хлебница
2026-09-04,08:47,-22.0,expense,Самокаты,Самокаты (Яндекс / Whoosh)
2026-09-04,09:12,-32.0,expense,Самокаты,Самокаты (Яндекс / Whoosh)
2026-09-04,09:29,-5392.16,expense,Учёба,Университет ИТМО
2026-09-04,11:27,-19980.52,internal,Переводы между своими счетами,Свой счёт
2026-09-04,17:44,-590.0,expense,Кафе и рестораны,VETNAMSKOE KAFE
2026-09-04,17:47,-327.0,expense,Кафе и рестораны,ROSTICS
2026-09-04,17:48,-221.0,expense,Кафе и рестораны,Rest Equator
2026-09-04,18:46,-62.99,expense,Продукты,Перекрёсток
2026-09-04,23:34,-339.0,expense,Общественный транспорт,АЗС
2026-09-04,23:44,-3000.0,expense,Переводы людям,Перевод физлицу
2026-09-05,02:51,-349.0,expense,Такси,Яндекс Go
2026-09-05,10:38,-50.0,expense,Кафе и рестораны,OOO KAFEDRA- MFC
2026-09-05,16:15,1000.0,other_income,Поступления от людей,Перевод от физлица
2026-09-05,17:08,-115.0,expense,Общественный транспорт,АЗС
2026-09-05,17:22,85000.0,internal,Переводы между своими счетами,Свой счёт
2026-09-05,17:26,-164947.0,expense,Крупные разовые траты,Отдых в Турции
2026-09-05,18:32,1500.0,internal,Переводы между своими счетами,Свой счёт
2026-09-05,19:49,-500.0,expense,Переводы людям,Перевод физлицу
2026-09-05,19:53,-2500.0,internal,Переводы между своими счетами,Свой счёт
2026-09-05,20:13,-56.0,expense,Самокаты,Самокаты (Яндекс / Whoosh)
2026-09-05,20:15,-2200.0,expense,Переводы людям,Перевод физлицу
2026-09-05,20:41,-33.0,expense,Самокаты,Самокаты (Яндекс / Whoosh)
2026-09-05,21:17,-1000.0,expense,Переводы людям,Перевод физлицу
2026-09-05,21:58,22000.0,other_income,Поступления от людей,Перевод от физлица
2026-09-05,22:02,-701.92,expense,Продукты,Пятёрочка
2026-09-05,22:04,-20000.0,internal,Переводы между своими счетами,Свой счёт
2026-09-05,22:04,-10000.0,expense,Переводы людям,Перевод физлицу
2026-09-05,22:09,-927.18,expense,Алкоголь и табак,BEER AND FISH
2026-09-06,08:10,-1531.0,expense,Такси,Яндекс Go
2026-09-06,13:25,3867.0,internal,Переводы между своими счетами,Свой счёт
2026-09-06,14:44,-38.0,expense,Самокаты,Самокаты (Яндекс / Whoosh)
2026-09-06,15:02,-500.0,expense,Общественный транспорт,Общественный транспорт
2026-09-06,15:25,-61.0,expense,Общественный транспорт,Общественный транспорт
2026-09-06,15:54,-57.0,expense,Самокаты,Самокаты (Яндекс / Whoosh)
2026-09-06,16:49,-283.0,expense,Переводы людям,Перевод физлицу
2026-09-06,17:04,-314.7,expense,Продукты,Продуктовый магазин
2026-09-06,17:07,-20.0,expense,Самокаты,Самокаты (Яндекс / Whoosh)
2026-09-06,18:48,1400.0,other_income,Поступления от людей,Перевод от физлица
2026-09-06,19:07,1300.0,other_income,Поступления от людей,Перевод от физлица
2026-09-06,20:27,-7000.0,internal,Переводы между своими счетами,Свой счёт
2026-09-06,20:39,-48.0,expense,Самокаты,Самокаты (Яндекс / Whoosh)
2026-09-06,21:57,-940.54,expense,Продукты,Пятёрочка
2026-09-06,22:23,-10.0,expense,Наличные,Снятие наличных
2026-09-07,08:58,-43.0,expense,Самокаты,Самокаты (Яндекс / Whoosh)
2026-09-08,07:52,-32.0,expense,Самокаты,Самокаты (Яндекс / Whoosh)
2026-09-08,08:50,-145.0,expense,Мелкие точки (ИП),ИП (название скрыто)
2026-09-08,08:51,-89.99,expense,Продукты,Пятёрочка
2026-09-08,08:57,-44.0,expense,Самокаты,Самокаты (Яндекс / Whoosh)
2026-09-08,11:28,-200.0,expense,Переводы людям,Перевод физлицу
2026-09-08,12:29,-776.0,expense,Покупки,GOLD APPLE
2026-09-08,17:49,-475.97,expense,Продукты,Перекрёсток
2026-09-08,22:17,-22.0,expense,Самокаты,Самокаты (Яндекс / Whoosh)
2026-09-08,22:23,-469.97,expense,Продукты,Пятёрочка
2026-09-08,22:48,800.0,internal,Переводы между своими счетами,Свой счёт
2026-09-08,22:49,-956.93,expense,Продукты,Пятёрочка
2026-09-09,08:00,-30.0,expense,Самокаты,Самокаты (Яндекс / Whoosh)
2026-09-09,08:00,-163.0,expense,Самокаты,Самокаты (Яндекс / Whoosh)
2026-09-09,08:55,-32.0,expense,Самокаты,Самокаты (Яндекс / Whoosh)
2026-09-09,09:24,10003.0,internal,Переводы между своими счетами,Свой счёт
2026-09-09,09:28,-1248.0,expense,Продукты,ВкусВилл
2026-09-09,10:33,-9002.23,internal,Переводы между своими счетами,Свой счёт
2026-09-09,20:50,-41.0,expense,Самокаты,Самокаты (Яндекс / Whoosh)
2026-09-09,21:08,-50.0,expense,Подписки и связь,Мобильная связь
2026-09-09,21:45,500.0,internal,Переводы между своими счетами,Свой счёт
2026-09-10,07:54,-25.0,expense,Самокаты,Самокаты (Яндекс / Whoosh)
2026-09-10,08:48,-160.0,expense,Общественный транспорт,Общественный транспорт
2026-09-10,08:53,-72.0,expense,Самокаты,Самокаты (Яндекс / Whoosh)
2026-09-10,09:24,-25.0,expense,Самокаты,Самокаты (Яндекс / Whoosh)
2026-09-10,21:38,1400.0,other_income,Поступления от людей,Перевод от физлица
2026-09-11,10:28,-86.0,expense,Самокаты,Самокаты (Яндекс / Whoosh)
2026-09-11,11:00,69000.0,internal,Переводы между своими счетами,Свой счёт
2026-09-11,11:02,-69000.0,internal,Переводы между своими счетами,Свой счёт
2026-09-11,11:15,-73.0,expense,Самокаты,Самокаты (Яндекс / Whoosh)
2026-09-11,13:40,-32.0,expense,Самокаты,Самокаты (Яндекс / Whoosh)
2026-09-11,15:29,1300.0,other_income,Поступления от людей,Перевод от физлица
2026-09-11,15:55,1.1,refund,Продукты,Возврат за покупку
2026-09-11,18:54,1500.0,other_income,Поступления от людей,Перевод от физлица
2026-09-11,20:39,1500.0,internal,Переводы между своими счетами,Свой счёт
2026-09-11,20:57,-1561.0,expense,Такси,Яндекс Go
2026-09-11,21:20,-583.0,expense,Прочие сервисы,ID
2026-09-11,23:40,10000.0,internal,Переводы между своими счетами,Свой счёт
2026-09-11,23:42,-4600.0,expense,Кафе и рестораны,Бар Симачёв
2026-09-12,00:10,-2980.0,expense,Кафе и рестораны,Бар Симачёв
2026-09-12,01:07,-1860.0,expense,Кафе и рестораны,Бар Симачёв
2026-09-12,01:15,5000.0,internal,Переводы между своими счетами,Свой счёт
2026-09-12,01:20,-2650.0,expense,Кафе и рестораны,Бар Симачёв
2026-09-12,02:24,-1500.0,internal,Переводы между своими счетами,Свой счёт
2026-09-12,02:29,-1083.0,expense,Такси,Яндекс Go
2026-09-12,11:31,-360.0,expense,Учёба,Копицентр
2026-09-12,11:55,-2076.0,expense,Такси,Яндекс Go
2026-09-13,03:38,-1035.0,expense,Комиссии,Комиссия банка
2026-09-14,01:08,15000.0,internal,Переводы между своими счетами,Свой счёт
2026-09-14,01:09,-14000.0,expense,Покупки,Одежда (аутлет)
2026-09-15,05:50,50000.0,internal,Переводы между своими счетами,Свой счёт
2026-09-15,14:39,45000.0,internal,Переводы между своими счетами,Свой счёт
2026-09-15,14:50,-3000.0,expense,Переводы людям,Перевод физлицу
2026-09-15,16:34,-14501.0,internal,Переводы между своими счетами,Свой счёт
2026-09-15,16:34,-10000.0,internal,Переводы между своими счетами,Свой счёт
2026-09-16,02:13,-60000.0,internal,Переводы между своими счетами,Свой счёт
2026-09-16,11:27,-800.0,expense,Переводы людям,Перевод физлицу
2026-09-16,11:30,1300.0,other_income,Поступления от людей,Перевод от физлица
2026-09-17,01:51,-3628.24,internal,Переводы между своими счетами,Свой счёт
2026-09-17,04:03,-99.0,expense,Подписки и связь,Т-Банк подписки
2026-09-17,12:41,-497.0,expense,Прочие сервисы,ID
2026-09-18,16:00,-300.0,expense,Общественный транспорт,Общественный транспорт
2026-09-18,16:50,-278.0,expense,Продукты,Пятёрочка
2026-09-18,17:21,-4096.0,expense,Путешествия,Билеты (авиа / ЖД)
2026-09-18,17:22,5000.0,internal,Переводы между своими счетами,Свой счёт
2026-09-18,21:15,-88.0,expense,Общественный транспорт,Общественный транспорт
2026-09-18,22:34,-368.0,expense,Продукты,Продуктовый магазин
2026-09-19,00:44,-2000.0,expense,Переводы людям,Перевод физлицу
2026-09-19,15:11,1401.0,other_income,Поступления от людей,Перевод от физлица
2026-09-19,15:12,-650.0,internal,Переводы между своими счетами,Свой счёт
2026-09-19,17:52,-44.0,expense,Самокаты,Самокаты (Яндекс / Whoosh)
2026-09-19,23:09,-41.0,expense,Самокаты,Самокаты (Яндекс / Whoosh)
2026-09-20,06:59,-15.0,expense,Самокаты,Самокаты (Яндекс / Whoosh)
2026-09-20,07:02,-31.0,expense,Самокаты,Самокаты (Яндекс / Whoosh)
2026-09-20,08:43,-118.0,expense,Общественный транспорт,Общественный транспорт
2026-09-20,13:22,-499.0,expense,Развлечения,GAME SERVICES PAY
2026-09-20,13:31,10000.0,internal,Переводы между своими счетами,Свой счёт
2026-09-20,18:11,1300.0,other_income,Поступления от людей,Перевод от физлица
2026-09-20,18:27,-8540.0,internal,Переводы между своими счетами,Свой счёт
2026-09-20,19:22,-220.0,expense,Переводы людям,Перевод физлицу
2026-09-20,19:25,-578.96,expense,Продукты,Пятёрочка
2026-09-20,21:14,-1470.0,expense,Кафе и рестораны,KOMSOMOLSKAYA
2026-09-20,22:30,829.7,refund,Кэшбэк и бонусы,Т-Банк
2026-09-20,22:30,502.0,refund,Кэшбэк и бонусы,Т-Банк
2026-09-21,09:22,-3000.0,expense,Переводы людям,Перевод физлицу
2026-09-21,14:36,-2140.0,expense,Кафе и рестораны,Unloc
2026-09-21,17:53,1500.0,other_income,Поступления от людей,Перевод от физлица
2026-09-21,21:13,-120.0,expense,Мелкие точки (ИП),ИП (название скрыто)
2026-09-21,21:13,-270.0,expense,Мелкие точки (ИП),ИП (название скрыто)
2026-09-21,21:45,-614.76,expense,Продукты,Дикси
2026-09-22,11:39,-234.0,expense,Продукты,SBER*5411*SAMOKAT
2026-09-22,14:31,-314.98,expense,Продукты,Продуктовый магазин
2026-09-22,18:26,-460.0,expense,Алкоголь и табак,TABAK
2026-09-22,18:26,466.0,internal,Переводы между своими счетами,Свой счёт
2026-09-23,10:05,-119.8,expense,Продукты,Универсам
2026-09-23,18:16,1400.0,other_income,Поступления от людей,Перевод от физлица
2026-09-23,19:03,1300.0,other_income,Поступления от людей,Перевод от физлица
2026-09-23,20:50,-1940.0,internal,Переводы между своими счетами,Свой счёт
2026-09-24,11:23,-635.0,expense,Кафе и рестораны,karrot kafe
2026-09-24,16:54,1500.0,other_income,Поступления от людей,Перевод от физлица
2026-09-24,17:52,-300.0,internal,Переводы между своими счетами,Свой счёт
2026-09-24,18:15,-164.5,expense,Переводы людям,Перевод физлицу
2026-09-24,21:40,-239.7,expense,Продукты,ТД Реал
2026-09-25,00:14,-500.0,internal,Переводы между своими счетами,Свой счёт
2026-09-25,03:34,-269.0,expense,Мелкие точки (ИП),ИП (название скрыто)
2026-09-25,04:02,2000.0,internal,Переводы между своими счетами,Свой счёт
2026-09-25,04:04,-2016.0,expense,Кафе и рестораны,Шаурма
2026-09-25,14:33,-88.0,expense,Общественный транспорт,Общественный транспорт
2026-09-25,20:02,3000.0,internal,Переводы между своими счетами,Свой счёт
2026-09-25,20:18,1400.0,other_income,Поступления от людей,Перевод от физлица
2026-09-25,20:25,-2222.0,expense,Переводы людям,Перевод физлицу
2026-09-25,20:26,-1000.0,internal,Переводы между своими счетами,Свой счёт
2026-09-25,23:19,500.0,internal,Переводы между своими счетами,Свой счёт
2026-09-25,23:46,-1160.0,expense,Такси,Яндекс Go
2026-09-26,00:03,1000.0,internal,Переводы между своими счетами,Свой счёт
2026-09-26,00:04,-1650.0,expense,Такси,Яндекс Go
2026-09-26,11:14,-500.0,internal,Переводы между своими счетами,Свой счёт
2026-09-26,15:37,731.0,refund,Такси,Возврат за такси
2026-09-26,17:57,429.0,refund,Такси,Возврат за такси
2026-09-26,18:22,-275.0,expense,Кафе и рестораны,SOKOL COFFEE
2026-09-26,20:11,-224.89,expense,Продукты,Дикси
2026-09-27,14:05,1500.0,internal,Переводы между своими счетами,Свой счёт
2026-09-27,15:37,1500.0,internal,Переводы между своими счетами,Свой счёт
2026-09-27,17:13,-1682.76,expense,Продукты,Дикси
2026-09-27,18:42,1300.0,other_income,Поступления от людей,Перевод от физлица
2026-09-27,23:40,-1000.0,internal,Переводы между своими счетами,Свой счёт
2026-09-28,11:28,-265.0,expense,Самокаты,Самокаты (Яндекс / Whoosh)
2026-09-28,17:06,1500.0,other_income,Поступления от людей,Перевод от физлица
2026-09-28,17:22,-119.98,expense,Алкоголь и табак,Красное&Белое
2026-09-28,17:29,-379.0,expense,Покупки,ULYBKA RADUGI
2026-09-28,20:25,-389.97,expense,Алкоголь и табак,Винлаб
2026-09-28,20:45,-96.0,expense,Самокаты,Самокаты (Яндекс / Whoosh)
2026-09-28,21:52,-369.0,expense,Общественный транспорт,АЗС
2026-09-29,15:11,50000.0,internal,Переводы между своими счетами,Свой счёт
2026-09-29,15:20,25000.0,internal,Переводы между своими счетами,Свой счёт
2026-09-29,15:23,19000.0,internal,Переводы между своими счетами,Свой счёт
2026-09-29,15:24,-95000.0,expense,Крупные разовые траты,Покупка MacBook
2026-09-30,08:59,1200.0,internal,Переводы между своими счетами,Свой счёт
2026-09-30,09:01,-909.0,expense,Кафе и рестораны,YANDEX*4215*DOSTAVKA
2026-09-30,15:36,-88.0,expense,Общественный транспорт,Общественный транспорт
2026-09-30,17:25,1300.0,other_income,Поступления от людей,Перевод от физлица
2026-09-30,20:15,1400.0,other_income,Поступления от людей,Перевод от физлица
2026-09-30,20:16,-2000.0,expense,Переводы людям,Перевод физлицу
2026-09-30,20:16,1500.0,internal,Переводы между своими счетами,Свой счёт
2026-09-30,20:39,-119.99,expense,Продукты,Дикси
2026-09-30,20:47,-886.09,expense,Продукты,ТД Реал
2026-10-01,07:45,-89.0,expense,Кафе и рестораны,PROSTO VASYA
2026-10-01,07:47,-88.0,expense,Общественный транспорт,Общественный транспорт
2026-10-01,11:24,-520.0,expense,Кафе и рестораны,MAKSHAVA
2026-10-01,11:30,-298.0,expense,Кафе и рестораны,Продуктовый магазин
2026-10-01,17:45,6000.0,internal,Переводы между своими счетами,Свой счёт
